vendor_id,vendor_name,category,price_lakhs,quality_score,lead_time_days,on_time_delivery_pct,reliability_score,defect_rate_pct,sustainability_score,years_in_business,esg_certified
V001,Apex Industrial Solutions,Industrial Components,4.8,9.2,7,94,9.4,1.2,8.5,18,Yes
V002,BluePeak Components,Electronics,4.2,8.5,12,91,9.0,2.1,7.8,12,Yes
V003,CoreLine Manufacturing,Industrial Components,5.1,9.5,5,97,9.7,0.8,9.1,22,Yes
V004,DeltaWorks Supplies,Raw Materials,3.9,7.9,15,87,8.2,3.4,7.2,9,No
V005,Elevate Materials,Raw Materials,4.6,8.9,8,95,9.5,1.5,8.8,16,Yes
V006,FlexiSource Industries,Packaging,3.7,8.2,10,92,8.7,2.5,8.0,11,Yes
V007,GreenAxis Suppliers,Packaging,4.9,8.8,9,96,9.2,1.4,9.4,20,Yes
V008,Horizon Components,Electronics,5.4,9.1,6,95,9.3,1.1,8.2,15,Yes
V009,Integra Industrial,Industrial Components,4.4,8.7,8,93,9.1,1.8,8.4,14,Yes
V010,NovaProcure,IT Services,3.5,7.8,13,89,8.1,3.1,7.5,8,No
V011,OptiManufacture,Industrial Components,5.7,9.6,5,98,9.8,0.7,9.0,25,Yes
V012,PrimeSource,Raw Materials,4.1,8.4,11,92,8.8,2.2,7.9,13,Yes
V013,Quantum Components,Electronics,5.0,9.3,7,96,9.6,0.9,8.9,19,Yes
V014,Reliant Industries,Industrial Components,4.3,8.6,10,94,9.0,1.9,8.1,17,Yes
V015,SigmaWorks,Packaging,3.8,8.0,12,90,8.5,2.7,8.3,10,Yes
V016,Stellar Supplies,Raw Materials,4.7,8.9,9,95,9.3,1.3,8.7,21,Yes
V017,Trident Manufacturing,Industrial Components,5.3,9.4,6,97,9.5,0.9,8.6,23,Yes
V018,Unified Components,Electronics,4.5,8.8,8,94,9.1,1.6,8.0,15,Yes
V019,Vertex Industrial,Industrial Components,4.0,8.3,11,91,8.6,2.4,7.7,12,No
V020,Zenith Supplies,Packaging,4.6,9.0,7,96,9.4,1.1,9.0,18,Yes
